"Domain","Comparison","Variable","Estimate","Std_Error","Odds_Ratio","Z","P_Value","Sig"
"Arts & Cultural Events","Class 2 vs. Class 1","Constant",6.40309320541196,1.87272445074013,603.709550373846,3.41913259202727,0.000628211065980544,"***"
"Arts & Cultural Events","Class 2 vs. Class 1","Woman (ref: Man)",0.195539990189842,0.456645959664152,1.21596741971784,0.428209176171524,0.668498836160073,""
"Arts & Cultural Events","Class 2 vs. Class 1","White (ref: Non-White)",0.328504914906751,0.575439748299618,1.38889006657649,0.570876300911536,0.568083496690771,""
"Arts & Cultural Events","Class 2 vs. Class 1","Catholic (ref: Non-Catholic)",0.521009863596213,0.482005442386263,1.68372712616542,1.08092112200404,0.279732202120883,""
"Arts & Cultural Events","Class 2 vs. Class 1","Parent Income ($1,000s)",0.000635818508529289,0.00322998434333764,1.00063602068396,0.196848789636014,0.843945869404962,""
"Arts & Cultural Events","Class 2 vs. Class 1","Parent Education (Years)",0.210170483010294,0.129019497851716,1.23388839903525,1.62898233607952,0.10331675835594,""
"Arts & Cultural Events","Class 2 vs. Class 1","High School GPA (A/A-)",-0.593610889007968,0.56156718883967,0.552329279893021,-1.05706120443843,0.290483655474018,""
"Arts & Cultural Events","Class 2 vs. Class 1","Aspires to Advanced Degree",-12.5800884191461,1.22038454955411,3.43983030015504e-06,-10.3082986618787,0,"***"
"Arts & Cultural Events","Class 2 vs. Class 1","STEM Major (ref: Non-STEM)",0.476322853038389,0.462249080079086,1.61014277153762,1.03044629738775,0.302800549449993,""
"Arts & Cultural Events","Class 2 vs. Class 1","Hometown Urbanicity",0.528581787663184,0.295284183973372,1.6965245696052,1.79007822413831,0.0734413369482936,""
"Arts & Cultural Events","Class 3 vs. Class 1","Constant",13.4213085013184,1.63639913244974,674217.812286652,8.20173283838536,2.22044604925031e-16,"***"
"Arts & Cultural Events","Class 3 vs. Class 1","Woman (ref: Man)",-1.47016756746264,0.454519956623902,0.229886960384416,-3.23455009188772,0.0012183454694501,"**"
"Arts & Cultural Events","Class 3 vs. Class 1","White (ref: Non-White)",0.306080203331655,0.586643231229079,1.35809122562098,0.521748461480388,0.601845478075989,""
"Arts & Cultural Events","Class 3 vs. Class 1","Catholic (ref: Non-Catholic)",0.427083907188139,0.47653505077789,1.53278126769466,0.896227688794291,0.37013117035302,""
"Arts & Cultural Events","Class 3 vs. Class 1","Parent Income ($1,000s)",0.00166204946072597,0.00323808746288194,1.00166343143046,0.513281212993155,0.607754623713149,""
"Arts & Cultural Events","Class 3 vs. Class 1","Parent Education (Years)",0.0505080560288729,0.121746357803859,1.05180533669503,0.414862973644308,0.678242216380889,""
"Arts & Cultural Events","Class 3 vs. Class 1","High School GPA (A/A-)",-0.704854051212107,0.56318573971191,0.494180694066413,-1.25154811549857,0.210734570631769,""
"Arts & Cultural Events","Class 3 vs. Class 1","Aspires to Advanced Degree",-13.910085825951,1.21355937165953,9.09759256301307e-07,-11.46222109177,0,"***"
"Arts & Cultural Events","Class 3 vs. Class 1","STEM Major (ref: Non-STEM)",0.345574575215028,0.454359148324767,1.41280144719885,0.760575805481566,0.446910475453873,""
"Arts & Cultural Events","Class 3 vs. Class 1","Hometown Urbanicity",0.15736180727831,0.262914181809062,1.1704190034177,0.598529170984743,0.549486900629274,""
"Book Reading Types","Class 2 vs. Class 1","Constant",8.33651206760265,3.24613143047103,4173.50741344412,2.56813756502551,0.01022465709306,"*"
"Book Reading Types","Class 2 vs. Class 1","Woman (ref: Man)",-0.434138355428046,0.422298670964371,0.647822619508861,-1.02803628161234,0.30393276133406,""
"Book Reading Types","Class 2 vs. Class 1","White (ref: Non-White)",-0.860717448325171,0.592893931691095,0.422858594272027,-1.45172247904472,0.146578786337386,""
"Book Reading Types","Class 2 vs. Class 1","Catholic (ref: Non-Catholic)",-0.608389309745828,0.565607922483566,0.544226744216333,-1.07563788547093,0.28208923690621,""
"Book Reading Types","Class 2 vs. Class 1","Parent Income ($1,000s)",0.0047391322099282,0.00317411519000994,1.00475037965767,1.49305615147299,0.135422489140563,""
"Book Reading Types","Class 2 vs. Class 1","Parent Education (Years)",-0.222003269391828,0.137992849227494,0.800912745832793,-1.60880270705792,0.107659488781186,""
"Book Reading Types","Class 2 vs. Class 1","High School GPA (A/A-)",-0.212894586129286,0.547798634954724,0.808241332573361,-0.388636576553137,0.697545005495249,""
"Book Reading Types","Class 2 vs. Class 1","Aspires to Advanced Degree",-1.45067295268642,0.819142162164337,0.234412486490733,-1.7709660419059,0.0765663488420796,""
"Book Reading Types","Class 2 vs. Class 1","STEM Major (ref: Non-STEM)",0.59481044940003,0.414747271513514,1.8126873164253,1.43415156712043,0.151529014869751,""
"Book Reading Types","Class 2 vs. Class 1","Hometown Urbanicity",-0.326124220235608,0.314122810239506,0.721715530190007,-1.03820610794533,0.2991741096451,""
"Book Reading Types","Class 3 vs. Class 1","Constant",7.73150989254674,3.46243620923031,2279.04071082673,2.23296818348184,0.0255510425808707,"*"
"Book Reading Types","Class 3 vs. Class 1","Woman (ref: Man)",-0.56009863383177,0.459456188527894,0.571152726088556,-1.21904688154563,0.222826399154987,""
"Book Reading Types","Class 3 vs. Class 1","White (ref: Non-White)",-1.20169366722925,0.620057189317595,0.300684520891175,-1.93803682617046,0.0526187298160801,""
"Book Reading Types","Class 3 vs. Class 1","Catholic (ref: Non-Catholic)",-1.77754301270615,0.562602607279964,0.169052998487083,-3.15950013331808,0.00158040028137552,"**"
"Book Reading Types","Class 3 vs. Class 1","Parent Income ($1,000s)",0.00774704106010196,0.00338910961996524,1.00777712702491,2.28586322922816,0.0222622612137242,"*"
"Book Reading Types","Class 3 vs. Class 1","Parent Education (Years)",-0.178265346019684,0.147547247882025,0.83672037360932,-1.20819160356159,0.226973570706261,""
"Book Reading Types","Class 3 vs. Class 1","High School GPA (A/A-)",-1.23702878789448,0.548637614528289,0.290245318453183,-2.25472835827719,0.024150384515834,"*"
"Book Reading Types","Class 3 vs. Class 1","Aspires to Advanced Degree",-0.132864796207545,0.999163790037,0.875583466311526,-0.132975992056943,0.894212367422874,""
"Book Reading Types","Class 3 vs. Class 1","STEM Major (ref: Non-STEM)",-0.356005223449373,0.463300660043486,0.700468961361539,-0.768410784081244,0.442243175528606,""
"Book Reading Types","Class 3 vs. Class 1","Hometown Urbanicity",-0.279467852678354,0.327524849637357,0.756186036780181,-0.853272211216299,0.393508366629535,""
"Music Genre Preferences","Class 2 vs. Class 1","Constant",3.04922606178318,3.02562083442608,21.0990087727379,1.00780177974996,0.313549631334206,""
"Music Genre Preferences","Class 2 vs. Class 1","Woman (ref: Man)",-1.65106116327117,0.468809967922627,0.191846220403834,-3.5218132638845,0.000428605938150861,"***"
"Music Genre Preferences","Class 2 vs. Class 1","White (ref: Non-White)",-0.644088832292714,0.608508941821561,0.525140815532744,-1.0584706123868,0.289840941818597,""
"Music Genre Preferences","Class 2 vs. Class 1","Catholic (ref: Non-Catholic)",-0.456131283653762,0.510910281667181,0.633730633163987,-0.892781570504579,0.371974157576888,""
"Music Genre Preferences","Class 2 vs. Class 1","Parent Income ($1,000s)",-0.000532160362219777,0.00309232187960907,0.999467981209992,-0.172090869882877,0.863366090461464,""
"Music Genre Preferences","Class 2 vs. Class 1","Parent Education (Years)",-0.12575767248059,0.132484218582282,0.881828512209773,-0.94922756707423,0.34250488377951,""
"Music Genre Preferences","Class 2 vs. Class 1","High School GPA (A/A-)",-1.86705491563244,0.609409507231352,0.154578238056341,-3.0637115001943,0.00218609616823162,"**"
"Music Genre Preferences","Class 2 vs. Class 1","Aspires to Advanced Degree",1.46988716967404,1.17592761712181,4.34874444312741,1.24998099225846,0.211306490909415,""
"Music Genre Preferences","Class 2 vs. Class 1","STEM Major (ref: Non-STEM)",0.977671206766969,0.434179705857303,2.65825849370158,2.2517662469657,0.0243370477317035,"*"
"Music Genre Preferences","Class 2 vs. Class 1","Hometown Urbanicity",0.00279288861852994,0.277064564943432,1.00279679236535,0.0100802808150518,0.991957235776319,""
"Music Genre Preferences","Class 3 vs. Class 1","Constant",4.23019276893,2.62234003683048,68.7304799980085,1.61313662969615,0.106714827347982,""
"Music Genre Preferences","Class 3 vs. Class 1","Woman (ref: Man)",-0.44538374736326,0.382421747156357,0.640578408584588,-1.16464021901233,0.244164656632129,""
"Music Genre Preferences","Class 3 vs. Class 1","White (ref: Non-White)",-0.961687303555412,0.517389477031075,0.382247374187579,-1.85872992445428,0.0630654296139936,""
"Music Genre Preferences","Class 3 vs. Class 1","Catholic (ref: Non-Catholic)",-0.668903648611352,0.445935361968866,0.512269897842168,-1.50000135817453,0.133614050723074,""
"Music Genre Preferences","Class 3 vs. Class 1","Parent Income ($1,000s)",0.00264915740866993,0.0026275781779845,1.00265266952686,1.00821259320321,0.313352413548384,""
"Music Genre Preferences","Class 3 vs. Class 1","Parent Education (Years)",-0.12169535357448,0.119492791661044,0.885418066868382,-1.01843259231639,0.308472419874253,""
"Music Genre Preferences","Class 3 vs. Class 1","High School GPA (A/A-)",-1.82109743708716,0.543129316390616,0.161848035399376,-3.35297208625991,0.000799487692027423,"***"
"Music Genre Preferences","Class 3 vs. Class 1","Aspires to Advanced Degree",-0.800036011806352,0.624431877410907,0.44931278326093,-1.28122224496859,0.200115614816831,""
"Music Genre Preferences","Class 3 vs. Class 1","STEM Major (ref: Non-STEM)",0.170600155319792,0.383815935985799,1.18601643184052,0.444484293966638,0.656692481684999,""
"Music Genre Preferences","Class 3 vs. Class 1","Hometown Urbanicity",0.244811787247359,0.241798873615268,1.27738087120853,1.01246041218904,0.311317965790445,""
